epoch,train_loss,val_f1
1,0.7577897806962332,0.88
2,0.4617871542771657,0.5747126436781609
3,0.2709958321518368,0.3611111111111111
4,0.09361176855034298,0.8620689655172413
5,0.12052567437705067,0.9310344827586207
